Country,1965,1966,1967,1968,1969,1970,1971,1972,1973,1974,1975,1976,1977,1978,1979,1980,1981,1982,1983,1984,1985,1986,1987,1988,1989,1990,1991,1992,1993,1994,1995,1996,1997,1998,1999,2000,2001,2002,2003,2004,2005,2006,2007,2008,2009,2010,2011,2012,2013,2014,2015,2016,2017,2018,2019,2020,2021,2022,2023
,,,,,,,,,,,,,,,,,,,,,,,,,,,,,,,,,,,,,,,,,,,,,,,,,,,,,,,,,,,
Canada,5.00,5.32,5.57,5.92,6.28,6.73,6.94,7.47,8.11,8.36,8.24,8.63,9.13,9.30,9.58,9.76,9.70,9.41,9.36,9.96,10.29,10.39,10.72,11.15,11.26,10.83,10.87,11.17,11.45,11.88,12.17,12.51,12.57,12.39,12.78,13.13,12.86,13.30,13.36,13.57,13.66,13.58,14.10,13.93,13.38,13.51,14.02,14.06,14.40,14.43,14.47,14.34,14.54,14.72,14.64,13.76,13.92,14.30,13.95
Mexico,1.06,1.12,1.14,1.24,1.36,1.45,1.53,1.69,1.82,2.01,2.14,2.28,2.41,2.71,3.00,3.26,3.61,3.76,3.72,3.89,4.08,3.96,4.09,4.12,4.36,4.75,4.89,4.98,4.99,5.27,5.18,5.32,5.45,5.67,5.75,6.10,6.05,6.19,6.27,6.64,7.27,7.38,7.45,7.75,7.62,7.65,8.00,8.07,8.07,8.03,7.94,8.11,8.26,8.15,8.07,7.35,7.83,8.18,8.45
US,51.98,54.89,56.80,60.19,63.30,65.54,66.92,70.25,73.22,71.43,69.55,73.36,75.22,76.89,77.70,74.71,72.50,69.55,69.30,72.85,72.66,73.34,75.80,79.25,81.17,81.39,81.29,82.49,84.23,85.77,87.64,90.60,91.27,91.85,93.47,95.57,93.31,94.67,94.98,96.84,96.89,96.12,97.44,95.07,90.40,93.43,92.62,90.17,92.62,93.59,92.69,92.62,92.97,96.37,95.68,88.64,93.44,95.42,94.28
Total North America,58.04,61.33,63.51,67.36,70.95,73.72,75.39,79.41,83.16,81.81,79.93,84.27,86.76,88.91,90.28,87.73,85.81,82.72,82.38,86.70,87.03,87.69,90.61,94.52,96.78,96.97,97.05,98.64,100.66,102.92,104.99,108.42,109.29,109.90,112.01,114.79,112.21,114.16,114.61,117.04,117.81,117.08,118.98,116.75,111.40,114.59,114.64,112.30,115.09,116.04,115.10,115.07,115.76,119.25,118.40,109.75,115.20,117.90,116.68
,,,,,,,,,,,,,,,,,,,,,,,,,,,,,,,,,,,,,,,,,,,,,,,,,,,,,,,,,,,
Argentina,1.18,1.22,1.26,1.30,1.34,1.27,1.35,1.37,1.43,1.48,1.45,1.52,1.59,1.59,1.71,1.70,1.65,1.68,1.75,1.75,1.73,1.83,1.91,1.95,1.88,1.85,1.88,2.01,2.08,2.19,2.26,2.37,2.39,2.48,2.51,2.52,2.46,2.36,2.53,2.68,2.85,2.99,3.12,3.16,3.07,3.18,3.27,3.40,3.53,3.53,3.59,3.57,3.57,3.54,3.34,3.13,3.45,3.71,3.67
Brazil,0.99,1.08,1.11,1.27,1.39,1.63,1.82,2.08,2.45,2.73,2.88,3.15,3.36,3.72,4.06,4.15,4.07,4.28,4.33,4.61,4.94,5.21,5.35,5.52,5.67,5.64,5.82,5.90,6.17,6.48,6.89,7.29,7.75,8.02,8.12,8.48,8.27,8.46,8.62,9.04,9.28,9.53,10.14,10.58,10.51,11.47,11.86,12.21,12.51,12.83,12.66,12.36,12.47,12.51,12.72,12.22,12.85,13.44,13.87
Chile,0.26,0.28,0.29,0.28,0.31,0.32,0.35,0.36,0.34,0.35,0.31,0.32,0.34,0.35,0.37,0.39,0.39,0.36,0.38,0.39,0.40,0.41,0.43,0.48,0.53,0.56,0.63,0.70,0.74,0.78,0.84,0.89,1.01,1.01,1.06,1.11,1.13,1.15,1.16,1.24,1.29,1.33,1.33,1.33,1.28,1.31,1.39,1.45,1.49,1.47,1.49,1.56,1.62,1.69,1.71,1.59,1.72,1.81,1.81
Colombia,0.35,0.40,0.42,0.43,0.44,0.48,0.48,0.55,0.53,0.59,0.56,0.58,0.60,0.63,0.66,0.69,0.70,0.72,0.75,0.76,0.79,0.83,0.90,0.90,0.95,0.91,0.93,0.97,1.05,1.14,1.17,1.21,1.23,1.25,1.16,1.13,1.14,1.14,1.16,1.22,1.20,1.39,1.41,1.47,1.45,1.53,1.60,1.70,1.75,1.84,1.74,1.96,1.98,2.01,2.03,1.85,2.07,2.20,2.26
Ecuador,0.03,0.03,0.04,0.04,0.04,0.05,0.06,0.06,0.07,0.08,0.08,0.09,0.10,0.11,0.11,0.14,0.15,0.17,0.17,0.19,0.22,0.23,0.24,0.27,0.28,0.29,0.32,0.32,0.33,0.36,0.34,0.39,0.43,0.44,0.40,0.37,0.38,0.37,0.38,0.41,0.43,0.46,0.48,0.52,0.50,0.56,0.59,0.63,0.65,0.68,0.68,0.67,0.70,0.74,0.76,0.66,0.77,0.80,0.84
Peru,0.20,0.24,0.25,0.25,0.25,0.26,0.27,0.24,0.28,0.32,0.34,0.34,0.35,0.35,0.36,0.38,0.40,0.41,0.36,0.38,0.37,0.40,0.43,0.42,0.39,0.39,0.38,0.37,0.41,0.44,0.48,0.49,0.49,0.50,0.51,0.53,0.53,0.54,0.53,0.57,0.59,0.60,0.65,0.70,0.71,0.81,0.89,0.92,0.95,0.97,1.01,1.08,1.09,1.15,1.18,1.04,1.18,1.22,1.24
Trinidad & Tobago,0.12,0.13,0.14,0.14,0.15,0.16,0.16,0.22,0.22,0.21,0.17,0.19,0.20,0.20,0.18,0.17,0.18,0.21,0.21,0.21,0.21,0.22,0.21,0.23,0.23,0.25,0.25,0.26,0.28,0.30,0.32,0.36,0.36,0.37,0.41,0.42,0.46,0.49,0.56,0.61,0.67,0.78,0.80,0.79,0.78,0.84,0.83,0.81,0.82,0.82,0.80,0.70,0.75,0.70,0.70,0.61,0.62,0.62,0.59
Venezuela,0.69,0.70,0.73,0.79,0.80,0.81,0.82,0.87,0.99,1.03,1.07,1.17,1.30,1.33,1.47,1.64,1.70,1.74,1.73,1.77,1.81,1.95,1.95,2.03,2.05,2.17,2.19,2.37,2.34,2.54,2.62,2.55,2.70,2.71,2.63,2.78,2.94,2.94,2.64,2.94,3.06,3.36,3.51,3.60,3.64,3.45,3.64,3.80,3.73,3.65,3.49,3.20,3.14,2.62,2.37,1.90,2.17,2.34,2.53
Central America,0.16,0.16,0.17,0.18,0.19,0.20,0.20,0.22,0.24,0.25,0.28,0.30,0.31,0.33,0.34,0.33,0.33,0.32,0.33,0.34,0.35,0.37,0.39,0.39,0.41,0.43,0.45,0.49,0.53,0.56,0.61,0.62,0.65,0.72,0.75,0.77,0.80,0.82,0.85,0.88,0.89,0.94,0.98,1.01,0.99,1.03,1.06,1.10,1.12,1.15,1.27,1.33,1.38,1.40,1.48,1.28,1.44,1.49,1.53
Other Caribbean,0.79,0.82,0.85,0.87,0.89,1.02,1.06,1.13,1.25,1.24,1.21,1.23,1.29,1.33,1.37,1.39,1.42,1.26,1.23,1.30,1.21,1.25,1.30,1.31,1.36,1.34,1.31,1.24,1.25,1.30,1.30,1.35,1.43,1.48,1.44,1.72,1.82,1.84,1.87,1.88,1.90,1.93,1.85,1.73,1.63,1.64,1.63,1.58,1.52,1.54,1.60,1.65,1.61,1.65,1.63,1.48,1.51,1.50,1.60
Other South America,0.15,0.16,0.16,0.17,0.18,0.19,0.20,0.21,0.21,0.21,0.23,0.23,0.24,0.27,0.28,0.29,0.28,0.27,0.26,0.26,0.29,0.38,0.45,0.48,0.53,0.57,0.62,0.63,0.68,0.75,0.84,0.88,0.95,0.99,0.99,0.99,0.91,0.94,0.97,0.96,0.97,0.98,1.06,1.09,1.11,1.13,1.19,1.21,1.25,1.23,1.24,1.35,1.34,1.36,1.29,1.16,1.20,1.25,1.34
Total S. & Cent. America,4.92,5.21,5.41,5.73,5.98,6.40,6.77,7.30,8.01,8.49,8.57,9.14,9.70,10.21,10.90,11.27,11.28,11.42,11.49,11.95,12.33,13.07,13.57,13.98,14.28,14.40,14.78,15.27,15.86,16.83,17.66,18.40,19.40,19.97,19.97,20.82,20.83,21.05,21.28,22.43,23.12,24.29,25.33,25.97,25.66,26.94,27.96,28.81,29.32,29.71,29.57,29.44,29.65,29.37,29.19,26.92,28.99,30.37,31.28
,,,,,,,,,,,,,,,,,,,,,,,,,,,,,,,,,,,,,,,,,,,,,,,,,,,,,,,,,,,
Austria,0.68,0.71,0.72,0.77,0.80,0.91,0.91,0.94,1.01,1.02,1.01,1.05,1.05,1.10,1.16,1.16,1.12,1.08,1.08,1.07,1.14,1.14,1.20,1.18,1.19,1.20,1.26,1.24,1.27,1.26,1.32,1.35,1.37,1.40,1.41,1.42,1.46,1.46,1.47,1.52,1.55,1.53,1.51,1.53,1.48,1.52,1.43,1.49,1.48,1.42,1.43,1.47,1.50,1.47,1.54,1.44,1.46,1.37,1.39
Belgium,1.49,1.43,1.50,1.68,1.84,1.94,1.91,2.03,2.05,1.98,1.86,1.98,1.98,2.07,2.13,2.04,1.94,1.85,1.80,1.88,1.96,2.02,2.08,2.12,2.14,2.24,2.31,2.31,2.27,2.39,2.42,2.57,2.60,2.65,2.63,2.68,2.65,2.64,2.74,2.75,2.72,2.73,2.75,2.79,2.58,2.75,2.57,2.47,2.53,2.34,2.37,2.55,2.58,2.57,2.66,2.39,2.66,2.50,2.31
Bulgaria,0.43,0.46,0.54,0.60,0.67,0.75,0.78,0.81,0.84,0.86,0.96,1.01,1.07,1.10,1.15,1.21,1.19,1.22,1.23,1.22,1.21,1.24,1.25,1.28,1.26,1.17,0.95,0.89,0.95,0.91,0.98,0.98,0.93,0.89,0.78,0.78,0.81,0.78,0.81,0.78,0.85,0.87,0.84,0.83,0.73,0.76,0.81,0.77,0.71,0.76,0.81,0.77,0.79,0.79,0.76,0.70,0.80,0.83,0.72
Croatia,-,-,-,-,-,-,-,-,-,-,-,-,-,-,-,-,-,-,-,-,-,-,-,-,-,0.36,0.30,0.29,0.30,0.31,0.32,0.34,0.34,0.36,0.37,0.35,0.37,0.37,0.38,0.40,0.39,0.39,0.39,0.39,0.38,0.39,0.34,0.32,0.35,0.35,0.33,0.34,0.34,0.35,0.34,0.33,0.35,0.34,0.36
Cyprus,0.02,0.02,0.02,0.02,0.03,0.03,0.03,0.04,0.04,0.04,0.03,0.03,0.04,0.04,0.04,0.04,0.04,0.04,0.04,0.05,0.05,0.05,0.06,0.06,0.07,0.07,0.07,0.08,0.09,0.09,0.09,0.09,0.09,0.10,0.10,0.11,0.11,0.11,0.12,0.11,0.13,0.12,0.13,0.13,0.13,0.12,0.12,0.11,0.10,0.10,0.11,0.11,0.12,0.12,0.12,0.10,0.11,0.11,0.12
Czech Republic,1.69,1.70,1.67,1.75,1.82,1.90,1.99,2.00,2.02,2.04,2.12,2.18,2.25,2.28,2.31,2.24,2.22,2.19,2.20,2.27,2.27,2.30,2.35,2.36,2.29,1.97,1.79,1.74,1.72,1.68,1.75,1.81,1.74,1.69,1.62,1.71,1.75,1.75,1.85,1.90,1.87,1.91,1.89,1.85,1.77,1.85,1.81,1.80,1.76,1.73,1.69,1.67,1.77,1.76,1.72,1.59,1.68,1.64,1.52
Denmark,0.60,0.68,0.68,0.72,0.82,0.87,0.83,0.87,0.84,0.77,0.76,0.83,0.85,0.86,0.86,0.84,0.75,0.72,0.68,0.70,0.78,0.80,0.77,0.76,0.70,0.73,0.84,0.79,0.83,0.89,0.88,1.04,0.95,0.91,0.89,0.85,0.85,0.85,0.92,0.87,0.84,0.92,0.88,0.85,0.79,0.85,0.80,0.74,0.76,0.73,0.72,0.73,0.73,0.72,0.71,0.64,0.68,0.71,0.70
Estonia,-,-,-,-,-,-,-,-,-,-,-,-,-,-,-,-,-,-,-,-,0.43,0.42,0.43,0.42,0.44,0.46,0.42,0.29,0.24,0.25,0.22,0.24,0.23,0.21,0.19,0.20,0.21,0.21,0.23,0.23,0.23,0.23,0.27,0.24,0.21,0.26,0.26,0.26,0.28,0.27,0.25,0.25,0.28,0.28,0.23,0.21,0.22,0.23,0.20
Finland,0.42,0.47,0.50,0.54,0.59,0.65,0.67,0.71,0.78,0.75,0.76,0.81,0.85,0.89,0.96,0.95,0.96,0.95,0.94,0.98,1.03,1.04,1.10,1.09,1.09,1.16,1.19,1.19,1.20,1.26,1.20,1.25,1.27,1.31,1.29,1.29,1.32,1.33,1.42,1.42,1.29,1.38,1.38,1.33,1.23,1.34,1.26,1.23,1.23,1.19,1.18,1.20,1.18,1.20,1.18,1.13,1.15,1.15,1.20
France,4.85,4.96,5.26,5.54,6.09,6.59,6.82,7.26,7.89,7.74,7.32,7.76,7.91,8.20,8.43,8.38,8.26,7.96,8.14,8.42,8.70,8.90,9.10,9.22,9.34,9.54,10.20,10.29,10.27,10.17,10.46,10.84,10.68,10.93,11.08,11.22,11.31,11.23,11.35,11.45,11.35,11.26,11.07,11.11,10.47,10.80,10.43,10.42,10.53,10.07,10.16,9.96,9.92,10.04,9.83,8.79,9.34,8.27,8.66
Germany,10.69,10.72,10.69,11.41,12.31,13.00,13.12,13.57,14.35,14.10,13.55,14.46,14.43,14.95,15.78,15.26,14.79,14.26,14.47,15.00,15.45,15.32,15.45,15.50,15.34,15.09,14.73,14.43,14.37,14.24,14.31,14.78,14.59,14.47,14.27,14.36,14.63,14.44,14.44,14.44,14.27,14.62,14.02,14.16,13.29,13.85,13.36,13.54,13.93,13.36,13.61,13.83,14.00,13.64,13.30,12.40,12.76,12.29,11.41
Greece,0.28,0.31,0.34,0.36,0.38,0.42,0.50,0.56,0.64,0.63,0.71,0.79,0.82,0.83,0.73,0.72,0.71,0.72,0.72,0.75,0.80,0.80,0.87,0.92,1.00,1.03,1.05,1.07,1.08,1.10,1.14,1.17,1.20,1.28,1.28,1.34,1.35,1.35,1.43,1.43,1.44,1.48,1.51,1.48,1.43,1.36,1.34,1.26,1.18,1.11,1.12,1.11,1.16,1.17,1.14,1.00,1.09,1.13,1.10
Hungary,0.67,0.67,0.64,0.67,0.72,0.77,0.80,0.82,0.89,0.92,0.97,1.04,1.09,1.17,1.16,1.16,1.15,1.15,1.13,1.16,1.20,1.19,1.25,1.22,1.19,1.16,1.09,1.04,1.00,1.02,1.03,1.05,1.03,1.04,1.04,1.01,1.04,1.01,1.02,1.04,1.11,1.09,1.07,1.06,0.98,1.00,0.97,0.90,0.86,0.86,0.90,0.92,0.97,0.98,0.99,0.97,1.02,0.96,0.91
Iceland,0.03,0.03,0.03,0.03,0.03,0.04,0.04,0.04,0.05,0.05,0.05,0.05,0.05,0.06,0.06,0.06,0.06,0.06,0.06,0.07,0.07,0.07,0.07,0.08,0.08,0.08,0.08,0.08,0.08,0.08,0.09,0.09,0.10,0.10,0.11,0.12,0.12,0.13,0.13,0.13,0.13,0.14,0.16,0.20,0.20,0.20,0.20,0.20,0.21,0.21,0.22,0.22,0.23,0.24,0.23,0.21,0.22,0.23,0.23
Ireland,0.24,0.27,0.30,0.34,0.35,0.27,0.28,0.30,0.31,0.32,0.30,0.31,0.33,0.34,0.37,0.36,0.35,0.35,0.35,0.34,0.36,0.39,0.39,0.39,0.40,0.42,0.44,0.44,0.45,0.47,0.48,0.51,0.52,0.56,0.60,0.62,0.66,0.65,0.64,0.65,0.68,0.70,0.71,0.71,0.64,0.64,0.61,0.60,0.59,0.59,0.63,0.65,0.66,0.67,0.67,0.63,0.65,0.67,0.65
Italy,3.34,3.63,3.93,4.25,4.57,5.05,5.31,5.57,5.82,5.82,5.69,6.01,6.03,6.18,6.37,6.21,6.08,5.95,5.83,5.92,5.89,6.05,6.23,6.39,6.57,6.68,6.89,6.86,6.71,6.70,6.97,6.97,7.09,7.25,7.46,7.56,7.55,7.50,7.74,7.91,7.92,7.88,7.73,7.60,7.10,7.33,7.19,7.00,6.69,6.34,6.53,6.56,6.64,6.67,6.55,5.95,6.37,6.19,5.95
Latvia,-,-,-,-,-,-,-,-,-,-,-,-,-,-,-,-,-,-,-,-,0.38,0.36,0.32,0.31,0.31,0.31,0.29,0.21,0.18,0.17,0.16,0.15,0.15,0.16,0.14,0.14,0.15,0.15,0.15,0.16,0.17,0.16,0.17,0.17,0.16,0.18,0.16,0.17,0.16,0.15,0.15,0.16,0.18,0.16,0.16,0.15,0.15,0.14,0.14
Lithuania,-,-,-,-,-,-,-,-,-,-,-,-,-,-,-,-,-,-,-,-,0.65,0.60,0.63,0.66,0.71,0.71,0.74,0.47,0.37,0.32,0.36,0.39,0.36,0.39,0.32,0.28,0.33,0.35,0.37,0.37,0.34,0.32,0.36,0.35,0.32,0.24,0.25,0.25,0.23,0.22,0.23,0.24,0.25,0.26,0.25,0.25,0.25,0.23,0.24
Luxembourg,0.15,0.14,0.14,0.15,0.17,0.17,0.17,0.17,0.18,0.18,0.15,0.15,0.14,0.15,0.15,0.14,0.12,0.11,0.11,0.11,0.12,0.11,0.11,0.11,0.13,0.13,0.14,0.14,0.15,0.14,0.12,0.13,0.12,0.12,0.13,0.13,0.14,0.16,0.16,0.19,0.19,0.19,0.18,0.18,0.17,0.18,0.18,0.17,0.16,0.16,0.15,0.15,0.16,0.17,0.17,0.15,0.16,0.14,0.14
Netherlands,1.49,1.60,1.69,1.89,2.11,2.38,2.50,2.91,3.09,2.94,2.96,3.23,3.17,3.24,3.34,3.14,2.98,2.75,2.77,2.87,2.96,3.11,3.17,3.18,3.20,3.28,3.34,3.38,3.41,3.37,3.51,3.66,3.60,3.62,3.58,3.62,3.76,3.77,3.79,3.92,4.00,3.92,3.99,3.94,3.89,4.21,4.01,3.94,3.83,3.66,3.69,3.76,3.79,3.70,3.68,3.56,3.65,3.44,3.44
North Macedonia,-,-,-,-,-,-,-,-,-,-,-,-,-,-,-,-,-,-,-,-,-,-,-,-,-,0.11,0.11,0.11,0.11,0.10,0.10,0.12,0.11,0.12,0.12,0.11,0.10,0.10,0.12,0.11,0.12,0.12,0.12,0.11,0.11,0.12,0.12,0.11,0.11,0.10,0.11,0.11,0.11,0.11,0.11,0.10,0.10,0.11,0.12
Norway,0.78,0.79,0.85,0.95,0.96,1.00,1.05,1.12,1.18,1.19,1.21,1.30,1.19,1.34,1.43,1.36,1.44,1.42,1.57,1.58,1.57,1.53,1.61,1.66,1.76,1.77,1.64,1.72,1.77,1.71,1.83,1.68,1.76,1.84,1.89,2.10,1.87,1.96,1.73,1.75,2.01,1.84,1.99,2.02,1.86,1.80,1.82,2.02,1.89,1.95,1.98,2.01,2.02,1.99,1.86,2.01,2.05,1.92,1.99
Poland,2.79,2.85,2.93,3.15,3.37,3.56,3.67,3.87,3.94,4.07,4.39,4.63,4.83,5.07,5.14,5.38,4.85,4.94,4.97,5.16,5.28,5.43,5.60,5.50,5.29,4.36,4.26,4.08,4.07,3.90,3.99,4.19,4.15,3.98,3.90,3.66,3.64,3.60,3.72,3.75,3.82,4.00,3.98,4.05,3.91,4.17,4.19,4.06,4.07,3.92,3.97,4.14,4.35,4.40,4.27,4.10,4.41,4.27,4.12
Portugal,0.18,0.20,0.21,0.21,0.23,0.28,0.30,0.33,0.37,0.38,0.38,0.38,0.43,0.45,0.48,0.46,0.46,0.49,0.51,0.53,0.54,0.57,0.59,0.65,0.70,0.73,0.76,0.77,0.79,0.83,0.88,0.91,0.92,1.01,1.03,1.06,1.08,1.07,1.10,1.08,1.07,1.07,1.07,1.03,1.04,1.09,1.04,0.95,1.04,1.05,1.04,1.12,1.09,1.11,1.06,0.95,0.96,0.95,0.95
Romania,1.00,1.07,1.19,1.27,1.46,1.56,1.65,1.74,1.89,1.91,2.08,2.24,2.38,2.56,2.61,2.63,2.64,2.62,2.60,2.58,2.57,2.63,2.73,2.78,2.78,2.65,2.25,1.98,1.93,1.82,2.00,1.99,1.88,1.72,1.52,1.51,1.53,1.59,1.59,1.65,1.66,1.68,1.62,1.62,1.41,1.43,1.47,1.42,1.33,1.36,1.37,1.37,1.40,1.41,1.38,1.33,1.40,1.30,1.28
Slovakia,0.38,0.40,0.40,0.44,0.46,0.51,0.55,0.58,0.60,0.63,0.66,0.68,0.72,0.75,0.78,0.79,0.78,0.77,0.78,0.84,0.86,0.86,0.87,0.88,0.89,0.89,0.80,0.77,0.76,0.74,0.76,0.76,0.75,0.75,0.76,0.79,0.81,0.82,0.79,0.77,0.81,0.79,0.74,0.76,0.69,0.74,0.71,0.68,0.70,0.65,0.66,0.67,0.70,0.69,0.67,0.65,0.70,0.65,0.67
Slovenia,-,-,-,-,-,-,-,-,-,-,-,-,-,-,-,-,-,-,-,-,-,-,-,-,-,0.25,0.25,0.23,0.24,0.26,0.27,0.28,0.29,0.29,0.28,0.28,0.30,0.29,0.29,0.31,0.31,0.31,0.31,0.34,0.31,0.31,0.30,0.29,0.29,0.30,0.27,0.29,0.29,0.30,0.29,0.28,0.28,0.25,0.26
Spain,1.21,1.37,1.48,1.56,1.76,1.90,2.10,2.27,2.48,2.58,2.65,2.83,2.94,2.95,3.18,3.19,3.22,3.22,3.29,3.35,3.32,3.39,3.51,3.67,3.85,3.85,3.98,4.17,4.04,4.23,4.39,4.56,4.74,4.96,5.19,5.49,5.71,5.81,6.10,6.28,6.37,6.42,6.58,6.39,5.95,6.09,5.98,5.93,5.68,5.60,5.66,5.70,5.77,5.86,5.70,5.12,5.51,5.73,5.66
Sweden,1.41,1.51,1.55,1.65,1.65,1.75,1.78,1.84,1.94,1.80,1.91,2.03,2.00,2.33,2.45,2.31,2.29,2.18,2.16,2.29,2.49,2.58,2.53,2.47,2.41,2.32,2.31,2.35,2.33,2.34,2.40,2.34,2.42,2.54,2.48,2.35,2.50,2.34,2.19,2.39,2.42,2.27,2.31,2.30,2.09,2.24,2.20,2.32,2.17,2.16,2.24,2.19,2.27,2.19,2.25,2.16,2.28,2.24,2.15
Switzerland,0.66,0.71,0.75,0.79,0.82,0.90,0.92,0.90,1.00,0.96,0.99,0.95,1.05,1.04,1.03,1.11,1.10,1.08,1.13,1.09,1.17,1.22,1.22,1.23,1.15,1.19,1.23,1.25,1.24,1.31,1.24,1.20,1.28,1.29,1.34,1.31,1.40,1.30,1.29,1.29,1.23,1.26,1.28,1.31,1.28,1.29,1.21,1.27,1.29,1.24,1.21,1.14,1.14,1.16,1.21,1.11,1.07,1.04,1.13
Turkey,0.33,0.38,0.39,0.46,0.50,0.53,0.58,0.65,0.74,0.75,0.84,0.95,1.04,1.10,1.03,1.07,1.08,1.18,1.22,1.29,1.39,1.51,1.73,1.90,1.86,2.02,2.06,2.17,2.36,2.28,2.56,2.79,2.92,2.99,2.91,3.11,2.82,3.09,3.27,3.51,3.59,3.98,4.23,4.24,4.29,4.51,4.81,5.12,5.08,5.24,5.72,6.01,6.43,6.44,6.66,6.56,7.02,7.10,7.00
Ukraine,-,-,-,-,-,-,-,-,-,-,-,-,-,-,-,-,-,-,-,-,10.01,10.05,10.27,10.28,9.84,11.50,10.78,9.11,7.99,6.83,6.66,6.21,5.99,5.78,5.69,5.71,5.63,5.59,5.73,5.71,5.78,5.85,5.82,5.62,4.79,5.14,5.31,5.19,4.93,4.35,3.61,3.78,3.51,3.64,3.45,3.31,3.36,2.33,2.22
United Kingdom,8.34,8.38,8.38,8.68,9.00,9.18,9.01,9.15,9.60,9.12,8.60,8.77,8.94,8.99,9.41,8.57,8.33,8.23,8.26,8.26,8.61,8.85,8.83,8.95,8.96,9.03,9.22,9.16,9.27,9.16,9.19,9.63,9.47,9.55,9.50,9.59,9.69,9.47,9.61,9.69,9.77,9.64,9.38,9.21,8.75,8.93,8.43,8.57,8.56,8.09,8.21,8.08,8.10,8.09,7.92,7.10,7.17,7.27,6.95
Other Europe,0.67,0.70,0.71,0.78,0.84,0.92,1.08,1.13,1.18,1.31,1.32,1.40,1.51,1.64,1.78,1.73,1.72,1.79,1.93,2.01,2.57,2.70,2.73,2.81,2.73,1.93,1.71,1.50,1.29,1.11,1.14,1.24,1.34,1.36,1.25,1.32,1.38,1.45,1.53,1.66,1.64,1.68,1.62,1.66,1.69,1.78,1.74,1.64,1.75,1.60,1.70,1.81,1.80,1.88,1.85,1.79,1.92,1.89,1.96
Total Europe,44.82,46.17,47.52,50.67,54.33,57.84,59.37,62.18,65.75,64.86,64.25,67.84,69.07,71.65,74.32,72.51,70.63,69.32,69.95,71.79,85.81,87.23,89.05,90.02,89.66,90.40,89.48,86.61,85.14,83.42,85.21,87.31,86.96,87.61,87.14,88.20,89.03,88.72,90.21,91.61,92.07,92.75,92.03,91.55,86.11,89.50,87.43,87.22,86.47,83.23,84.05,85.06,86.19,86.21,84.90,79.16,83.01,79.60,77.85
,,,,,,,,,,,,,,,,,,,,,,,,,,,,,,,,,,,,,,,,,,,,,,,,,,,,,,,,,,,
Azerbaijan,-,-,-,-,-,-,-,-,-,-,-,-,-,-,-,-,-,-,-,-,0.85,0.91,0.88,0.88,0.90,0.94,0.90,0.77,0.67,0.62,0.58,0.47,0.45,0.46,0.45,0.48,0.46,0.45,0.49,0.55,0.60,0.59,0.54,0.54,0.47,0.46,0.52,0.54,0.56,0.57,0.62,0.61,0.60,0.63,0.67,0.67,0.71,0.76,0.82
Belarus,-,-,-,-,-,-,-,-,-,-,-,-,-,-,-,-,-,-,-,-,1.47,1.68,1.70,1.73,1.67,1.68,1.67,1.45,1.21,1.01,0.90,0.93,0.94,0.92,0.89,0.92,0.89,0.92,0.92,1.03,1.02,1.09,1.06,1.08,1.02,1.10,1.08,1.17,1.06,1.06,0.96,0.98,1.00,1.11,1.11,1.03,1.10,1.06,1.07
Kazakhstan,-,-,-,-,-,-,-,-,-,-,-,-,-,-,-,-,-,-,-,-,2.87,2.93,3.00,3.11,3.06,3.09,3.09,3.05,2.69,2.40,2.16,1.88,1.65,1.56,1.47,1.33,1.50,1.53,1.67,1.77,1.82,1.96,2.17,2.29,2.05,2.20,2.50,2.63,2.63,2.77,2.29,2.56,2.75,2.84,2.88,2.65,2.96,2.95,2.98
Russian Federation,-,-,-,-,-,-,-,-,-,-,-,-,-,-,-,-,-,-,-,-,34.40,35.01,36.15,36.79,36.92,36.27,35.78,34.44,32.11,29.30,27.73,26.69,25.24,25.19,25.51,25.97,26.38,26.27,26.81,27.05,27.01,28.21,28.36,28.49,27.08,28.13,29.09,29.26,28.92,29.01,28.55,29.11,29.29,30.36,30.13,29.08,30.01,31.08,31.29
Turkmenistan,-,-,-,-,-,-,-,-,-,-,-,-,-,-,-,-,-,-,-,-,0.52,0.64,0.64,0.64,0.66,0.58,0.53,0.50,0.46,0.49,0.38,0.57,0.44,0.51,0.44,0.47,0.55,0.47,0.60,0.67,0.63,0.65,0.60,0.56,0.82,0.89,0.96,1.13,0.96,1.02,1.16,1.26,1.17,1.32,1.26,1.58,1.60,1.63,1.60
USSR,24.90,26.48,27.83,28.87,30.21,31.72,33.27,34.96,36.76,38.79,40.70,42.29,44.19,46.10,47.36,48.43,49.46,50.69,51.76,53.71,-,-,-,-,-,-,-,-,-,-,-,-,-,-,-,-,-,-,-,-,-,-,-,-,-,-,-,-,-,-,-,-,-,-,-,-,-,-,-
Uzbekistan,-,-,-,-,-,-,-,-,-,-,-,-,-,-,-,-,-,-,-,-,1.68,1.65,1.72,1.73,1.79,1.87,1.84,1.75,1.82,1.80,1.83,1.88,1.86,1.87,2.09,2.14,2.15,2.20,1.99,2.00,2.02,1.89,2.01,1.89,1.89,1.89,1.98,1.95,1.96,2.04,1.94,1.88,1.93,1.94,1.95,1.94,2.04,2.12,2.10
Other CIS,-,-,-,-,-,-,-,-,-,-,-,-,-,-,-,-,-,-,-,-,1.37,1.31,1.36,1.52,1.45,1.48,1.24,1.05,0.84,0.70,0.62,0.66,0.63,0.63,0.60,0.58,0.57,0.57,0.60,0.65,0.67,0.68,0.73,0.69,0.67,0.69,0.73,0.76,0.72,0.75,0.75,0.75,0.78,0.85,0.82,0.82,0.84,0.84,0.86
Total CIS,24.90,26.48,27.83,28.87,30.21,31.72,33.27,34.96,36.76,38.79,40.70,42.29,44.19,46.10,47.36,48.43,49.46,50.69,51.76,53.71,43.14,44.12,45.44,46.39,46.45,45.92,45.06,43.01,39.81,36.32,34.18,33.08,31.22,31.12,31.46,31.89,32.50,32.41,33.09,33.72,33.78,35.06,35.47,35.54,33.99,35.36,36.87,37.45,36.81,37.21,36.27,37.15,37.52,39.05,38.82,37.78,39.25,40.43,40.72
,,,,,,,,,,,,,,,,,,,,,,,,,,,,,,,,,,,,,,,,,,,,,,,,,,,,,,,,,,,
Iran,0.35,0.38,0.42,0.46,0.51,0.60,0.65,0.74,0.89,1.01,1.17,1.32,1.49,1.46,1.58,1.46,1.47,1.66,1.97,2.12,2.32,2.17,2.33,2.37,2.60,2.92,3.17,3.50,3.24,3.63,3.81,4.14,4.27,4.45,4.79,5.03,5.37,5.85,5.96,6.60,6.99,7.63,8.11,8.36,8.57,8.75,9.10,9.19,9.55,9.97,9.85,10.39,10.78,11.15,11.75,12.20,11.96,12.48,12.71
Iraq,0.08,0.09,0.09,0.10,0.11,0.14,0.15,0.18,0.18,0.17,0.19,0.24,0.25,0.27,0.33,0.36,0.34,0.35,0.41,0.45,0.52,0.59,0.70,0.81,0.92,0.86,0.54,0.86,1.14,1.29,1.28,1.29,1.52,1.14,0.83,1.16,1.30,1.23,1.09,1.17,1.11,1.08,1.09,1.25,1.22,1.37,1.41,1.54,1.69,1.64,1.61,1.75,2.04,2.13,2.30,2.06,2.13,2.39,2.51
Israel,0.15,0.15,0.19,0.19,0.21,0.23,0.26,0.25,0.26,0.26,0.27,0.28,0.29,0.32,0.33,0.33,0.34,0.37,0.37,0.38,0.35,0.37,0.40,0.43,0.45,0.46,0.47,0.55,0.60,0.62,0.70,0.73,0.80,0.84,0.87,0.82,0.82,0.83,0.86,0.88,0.88,0.89,0.92,0.94,0.92,0.95,0.97,1.02,0.96,0.94,0.99,1.01,1.03,1.05,1.09,1.03,1.05,1.11,1.11
Kuwait,0.29,0.30,0.30,0.32,0.33,0.26,0.26,0.29,0.29,0.28,0.25,0.30,0.30,0.33,0.41,0.31,0.39,0.38,0.42,0.45,0.43,0.50,0.46,0.52,0.56,0.33,0.17,0.29,0.36,0.42,0.54,0.54,0.56,0.69,0.71,0.76,0.77,0.82,0.98,1.09,1.20,1.16,1.12,1.22,1.23,1.41,1.42,1.43,1.53,1.49,1.60,1.59,1.60,1.66,1.51,1.43,1.53,1.56,1.58
Oman,^,^,^,^,^,^,0.06,0.06,0.06,0.05,0.05,0.05,0.05,0.06,0.07,0.06,0.06,0.07,0.08,0.10,0.12,0.13,0.13,0.14,0.14,0.17,0.22,0.22,0.21,0.20,0.23,0.24,0.24,0.25,0.28,0.40,0.44,0.47,0.49,0.51,0.56,0.61,0.62,0.72,0.72,0.85,0.93,1.02,1.14,1.14,1.21,1.22,1.27,1.35,1.34,1.30,1.42,1.50,1.55
Qatar,0.01,0.01,0.01,0.02,0.04,0.04,0.04,0.05,0.06,0.06,0.08,0.05,0.08,0.07,0.18,0.19,0.18,0.21,0.22,0.25,0.24,0.26,0.25,0.26,0.28,0.28,0.33,0.52,0.56,0.56,0.56,0.41,0.45,0.49,0.54,0.49,0.47,0.51,0.59,0.71,0.81,0.85,0.92,1.02,1.04,1.21,1.41,1.60,1.74,1.88,2.14,2.10,2.03,2.01,2.10,1.84,1.95,2.04,2.22
Saudi Arabia,0.85,0.86,0.87,0.88,0.90,0.95,0.95,1.02,1.08,1.15,0.91,1.05,1.24,1.39,1.68,1.51,1.80,1.99,2.15,2.58,2.63,2.82,2.99,3.13,3.08,3.34,3.50,3.53,3.61,4.17,4.07,4.21,4.28,4.51,4.59,4.81,5.12,5.33,5.65,6.13,6.52,6.84,7.00,7.66,7.94,8.82,9.21,9.77,9.83,10.55,11.00,11.45,11.45,11.17,10.68,10.39,10.73,11.34,11.60
United Arab Emirates,^,^,0.02,0.03,0.03,0.03,0.05,0.06,0.07,0.08,0.09,0.11,0.18,0.21,0.24,0.39,0.45,0.49,0.47,0.59,0.73,0.88,0.98,1.09,1.22,1.24,1.52,1.46,1.52,1.67,1.75,1.80,1.88,1.92,1.94,1.93,1.95,2.13,2.27,2.43,2.54,2.67,2.95,3.38,3.33,3.50,3.68,3.87,4.08,4.07,4.42,4.59,4.38,4.14,4.39,4.34,4.49,4.88,5.13
Other Middle East,0.22,0.23,0.23,0.25,0.26,0.29,0.31,0.30,0.35,0.40,0.43,0.47,0.52,0.57,0.65,0.65,0.69,0.80,0.86,0.93,0.98,0.99,1.03,1.07,1.09,1.16,1.23,1.28,1.32,1.39,1.45,1.49,1.59,1.73,1.76,1.78,1.83,1.89,1.97,2.04,2.24,2.31,2.36,2.48,2.49,2.50,2.39,2.21,2.15,2.14,2.00,1.96,2.00,2.00,2.00,1.93,2.01,1.99,2.05
Total Middle East,1.94,2.02,2.13,2.25,2.38,2.54,2.74,2.95,3.25,3.46,3.44,3.87,4.41,4.67,5.46,5.27,5.73,6.32,6.95,7.85,8.31,8.72,9.28,9.82,10.34,10.76,11.14,12.22,12.57,13.96,14.39,14.84,15.60,16.02,16.32,17.17,18.07,19.08,19.87,21.55,22.85,24.03,25.09,27.03,27.46,29.37,30.51,31.64,32.67,33.81,34.82,36.05,36.59,36.65,37.17,36.51,37.27,39.29,40.46
,,,,,,,,,,,,,,,,,,,,,,,,,,,,,,,,,,,,,,,,,,,,,,,,,,,,,,,,,,,
Algeria,0.09,0.11,0.10,0.11,0.12,0.13,0.14,0.16,0.19,0.21,0.25,0.30,0.32,0.41,0.53,0.64,0.77,0.89,0.98,0.94,0.94,1.00,1.03,1.10,1.07,1.13,1.12,1.15,1.07,1.09,1.13,1.12,1.07,1.11,1.12,1.08,1.12,1.16,1.21,1.26,1.32,1.37,1.44,1.52,1.62,1.58,1.67,1.83,1.93,2.11,2.22,2.22,2.25,2.41,2.50,2.34,2.55,2.64,2.54
Egypt,0.33,0.35,0.30,0.32,0.26,0.33,0.34,0.38,0.35,0.40,0.45,0.54,0.58,0.61,0.67,0.76,0.87,0.97,1.05,1.14,1.18,1.21,1.28,1.30,1.37,1.41,1.43,1.41,1.41,1.49,1.58,1.66,1.73,1.80,1.93,2.05,2.14,2.20,2.33,2.46,2.52,2.65,2.82,2.99,3.10,3.22,3.39,3.53,3.50,3.46,3.51,3.71,3.85,3.86,3.78,3.56,3.81,3.98,3.94
Morocco,0.06,0.08,0.09,0.10,0.10,0.11,0.12,0.13,0.14,0.15,0.15,0.16,0.18,0.20,0.22,0.22,0.21,0.22,0.22,0.23,0.24,0.24,0.25,0.26,0.29,0.30,0.30,0.34,0.34,0.38,0.37,0.39,0.40,0.41,0.43,0.42,0.46,0.47,0.47,0.53,0.58,0.59,0.59,0.65,0.63,0.70,0.74,0.75,0.77,0.78,0.80,0.80,0.84,0.87,0.95,0.87,0.97,0.96,0.98
South Africa,1.28,1.28,1.34,1.41,1.45,1.52,1.63,1.69,1.82,1.87,1.99,2.08,2.13,2.11,2.18,2.33,2.71,2.91,2.95,3.22,3.29,3.35,3.41,3.75,3.58,3.71,3.68,3.70,3.69,3.85,4.02,4.10,4.20,4.12,4.26,4.27,4.29,4.18,4.53,4.94,4.68,4.77,4.90,5.25,5.23,5.27,5.21,5.13,5.15,5.21,5.10,5.34,5.32,5.12,5.35,5.01,5.06,4.87,4.85
Eastern Africa,0.39,0.43,0.45,0.46,0.50,0.56,0.56,0.58,0.61,0.64,0.63,0.68,0.69,0.67,0.69,0.69,0.68,0.67,0.69,0.67,0.71,0.72,0.72,0.78,0.78,0.88,0.84,0.83,0.89,0.89,0.90,0.89,0.94,1.01,1.03,1.02,1.11,1.13,1.14,1.21,1.27,1.32,1.39,1.37,1.46,1.59,1.65,1.72,1.87,2.05,2.13,2.10,2.25,2.37,2.36,2.29,2.45,2.41,2.47
Middle Africa,0.14,0.14,0.14,0.15,0.15,0.16,0.18,0.19,0.21,0.22,0.20,0.20,0.21,0.24,0.24,0.25,0.26,0.26,0.28,0.27,0.30,0.30,0.31,0.32,0.34,0.32,0.30,0.31,0.30,0.29,0.31,0.31,0.31,0.29,0.31,0.34,0.35,0.37,0.39,0.47,0.46,0.51,0.53,0.58,0.62,0.68,0.72,0.79,0.89,0.93,0.94,0.94,0.94,0.99,1.01,0.95,1.05,1.12,1.13
Western Africa,0.21,0.22,0.23,0.24,0.26,0.28,0.34,0.37,0.42,0.43,0.47,0.53,0.59,0.62,0.69,0.74,0.83,0.86,0.79,0.73,0.78,0.77,0.81,0.86,0.91,0.89,0.94,1.02,1.03,1.01,1.04,1.13,1.13,1.15,1.15,1.23,1.34,1.46,1.44,1.49,1.54,1.40,1.50,1.61,1.50,1.59,1.73,1.82,1.84,1.89,2.18,2.25,2.41,2.70,2.77,2.81,3.31,3.34,3.27
Other Northern Africa,0.08,0.08,0.09,0.10,0.10,0.12,0.11,0.13,0.17,0.19,0.21,0.25,0.28,0.31,0.41,0.43,0.46,0.47,0.50,0.49,0.56,0.57,0.63,0.64,0.69,0.67,0.67,0.67,0.71,0.77,0.81,0.83,0.87,0.90,0.89,0.96,0.98,0.97,1.01,1.09,1.11,1.13,1.10,1.14,1.22,1.26,0.91,1.08,1.17,1.15,1.07,1.10,1.23,1.25,1.26,1.13,1.36,1.42,1.47
Other Southern Africa,^,0.01,0.01,0.01,0.01,0.01,0.01,0.01,0.01,0.01,0.01,0.02,0.02,0.03,0.04,0.04,0.04,0.04,0.04,0.04,0.04,0.04,0.04,0.05,0.05,0.09,0.09,0.10,0.10,0.10,0.11,0.10,0.11,0.12,0.13,0.13,0.14,0.14,0.14,0.14,0.15,0.14,0.15,0.16,0.16,0.15,0.16,0.18,0.18,0.20,0.20,0.20,0.21,0.21,0.20,0.19,0.20,0.21,0.22
Total Africa,2.58,2.70,2.73,2.88,2.96,3.21,3.43,3.63,3.93,4.13,4.37,4.75,5.01,5.20,5.67,6.09,6.84,7.29,7.50,7.73,8.05,8.21,8.48,9.07,9.09,9.39,9.38,9.52,9.55,9.87,10.27,10.53,10.75,10.92,11.25,11.51,11.92,12.07,12.66,13.59,13.63,13.89,14.42,15.28,15.54,16.04,16.17,16.83,17.31,17.78,18.16,18.67,19.29,19.77,20.20,19.14,20.75,20.95,20.87
,,,,,,,,,,,,,,,,,,,,,,,,,,,,,,,,,,,,,,,,,,,,,,,,,,,,,,,,,,,
Australia,1.53,1.61,1.70,1.81,1.88,2.05,2.16,2.25,2.41,2.56,2.61,2.70,2.83,2.92,3.03,3.04,3.09,3.06,3.03,3.14,3.23,3.28,3.38,3.53,3.71,3.78,3.76,3.82,3.90,4.05,4.16,4.28,4.38,4.49,4.67,4.70,4.74,4.83,4.90,5.06,5.08,5.30,5.42,5.51,5.43,5.43,5.61,5.53,5.60,5.64,5.76,5.78,5.77,5.85,6.05,5.71,5.72,5.98,6.02
Bangladesh,-,-,-,-,-,-,0.05,0.05,0.07,0.07,0.08,0.09,0.09,0.10,0.11,0.13,0.13,0.15,0.14,0.16,0.17,0.19,0.21,0.23,0.25,0.27,0.26,0.28,0.31,0.33,0.39,0.40,0.42,0.45,0.46,0.49,0.56,0.56,0.59,0.63,0.68,0.74,0.76,0.80,0.88,0.90,0.98,1.06,1.10,1.15,1.39,1.39,1.45,1.55,1.74,1.65,1.77,1.86,1.83
China,5.53,6.01,5.40,5.46,6.64,8.50,10.08,10.87,11.47,11.83,13.25,13.95,15.21,16.68,17.18,17.38,17.15,17.92,19.07,20.47,22.14,23.20,25.02,26.88,28.21,28.58,30.02,31.59,34.05,36.18,37.27,39.27,39.53,39.60,40.99,42.48,44.89,48.89,56.95,66.63,75.70,82.97,90.18,93.67,97.77,104.60,112.81,117.45,121.87,125.02,126.49,127.00,131.94,138.27,144.68,149.38,157.85,160.26,170.74
China Hong Kong SAR,0.09,0.10,0.12,0.13,0.15,0.17,0.17,0.20,0.21,0.21,0.20,0.23,0.25,0.26,0.27,0.28,0.29,0.32,0.34,0.35,0.36,0.38,0.42,0.48,0.51,0.50,0.52,0.61,0.67,0.61,0.65,0.65,0.66,0.67,0.68,0.71,0.90,0.88,0.91,1.01,0.97,1.03,1.09,1.02,1.11,1.16,1.19,1.14,1.17,1.14,1.18,1.21,1.29,1.31,1.24,0.93,0.88,0.78,0.90
India,2.23,2.30,2.37,2.53,2.81,2.75,2.86,3.01,3.07,3.25,3.50,3.67,3.88,4.04,4.26,4.39,4.86,4.81,5.06,5.40,5.70,6.10,6.49,7.06,7.72,8.28,8.74,9.19,9.42,9.93,10.67,11.09,11.71,12.42,12.77,13.41,13.47,13.93,14.43,15.67,16.59,17.48,18.97,20.08,21.57,22.50,23.73,25.02,25.84,27.59,28.55,29.83,30.96,32.72,33.54,31.78,34.51,36.37,39.02
Indonesia,0.30,0.30,0.30,0.32,0.36,0.39,0.37,0.39,0.44,0.47,0.58,0.60,0.80,0.90,1.02,1.10,1.18,1.20,1.27,1.40,1.49,1.59,1.68,1.77,1.96,2.16,2.35,2.58,2.75,2.88,3.13,3.36,3.65,3.58,3.91,4.19,4.49,4.61,5.00,4.95,5.10,5.18,5.56,5.63,5.78,6.26,6.61,6.82,6.52,6.62,6.72,6.83,7.08,7.75,8.28,7.79,7.97,10.05,10.11
Japan,6.59,7.48,8.40,9.25,10.78,12.31,12.89,13.81,15.15,15.02,14.87,15.50,15.43,15.76,16.05,15.47,15.23,14.76,15.19,15.74,16.13,16.11,16.81,17.74,18.22,18.66,19.31,19.53,19.86,20.59,21.28,21.71,22.13,21.78,22.12,22.51,22.27,22.20,22.19,22.49,22.87,22.81,22.59,22.17,20.24,21.54,20.41,20.22,20.07,19.55,19.31,19.06,19.28,19.14,18.74,17.37,18.13,18.02,17.40
Malaysia,0.12,0.14,0.15,0.15,0.17,0.16,0.18,0.20,0.21,0.21,0.22,0.24,0.29,0.38,0.44,0.46,0.47,0.50,0.58,0.62,0.62,0.68,0.70,0.74,0.82,0.87,1.09,1.23,1.23,1.31,1.43,1.60,1.86,1.78,1.91,2.20,2.25,2.37,2.57,2.78,3.01,3.04,3.24,3.36,3.25,3.36,3.42,3.74,3.91,3.95,4.01,4.22,4.28,4.35,4.47,4.31,4.49,4.79,4.81
New Zealand,0.31,0.33,0.33,0.34,0.34,0.38,0.40,0.43,0.44,0.45,0.46,0.47,0.48,0.48,0.48,0.48,0.48,0.50,0.52,0.55,0.56,0.60,0.61,0.63,0.65,0.67,0.68,0.69,0.71,0.75,0.77,0.78,0.78,0.78,0.79,0.83,0.82,0.85,0.82,0.84,0.82,0.83,0.83,0.83,0.83,0.85,0.85,0.86,0.86,0.90,0.91,0.92,0.94,0.93,0.95,0.86,0.85,0.84,0.86
Pakistan,0.30,0.30,0.33,0.37,0.38,0.37,0.35,0.32,0.34,0.37,0.39,0.40,0.43,0.46,0.50,0.56,0.60,0.66,0.71,0.75,0.79,0.83,0.93,0.99,1.05,1.10,1.17,1.22,1.35,1.40,1.48,1.57,1.52,1.63,1.71,1.74,1.78,1.85,2.02,2.24,2.33,2.45,2.61,2.62,2.66,2.67,2.66,2.48,2.71,2.79,2.94,1.95,3.39,3.50,3.54,3.52,3.90,3.60,3.37
Philippines,0.23,0.25,0.27,0.32,0.34,0.35,0.37,0.39,0.44,0.41,0.45,0.46,0.50,0.52,0.54,0.53,0.53,0.53,0.55,0.50,0.49,0.49,0.54,0.59,0.65,0.67,0.66,0.71,0.78,0.81,0.93,1.00,1.09,1.08,1.10,1.11,1.08,1.09,1.12,1.15,1.15,1.10,1.14,1.18,1.19,1.23,1.25,1.30,1.39,1.46,1.60,1.74,1.91,1.98,2.04,1.85,1.96,2.06,2.19
Singapore,0.17,0.20,0.24,0.29,0.29,0.31,0.27,0.34,0.32,0.32,0.31,0.37,0.37,0.38,0.40,0.40,0.46,0.45,0.48,0.50,0.51,0.59,0.62,0.72,0.82,0.98,1.00,1.07,1.17,1.34,1.40,1.41,1.49,1.51,1.49,1.59,1.80,1.74,1.64,1.83,1.93,2.13,2.29,2.44,2.62,2.78,2.89,2.90,2.92,2.98,3.16,3.34,3.42,3.42,3.35,3.28,3.28,3.17,3.47
South Korea,0.27,0.33,0.38,0.43,0.52,0.60,0.65,0.68,0.84,0.87,0.96,1.07,1.23,1.38,1.59,1.63,1.71,1.71,1.86,2.03,2.25,2.52,2.80,3.12,3.39,3.84,4.34,4.89,5.37,5.79,6.32,6.99,7.67,7.01,7.64,8.08,8.28,8.66,8.94,9.14,9.45,9.61,9.90,10.06,10.12,10.93,11.43,11.58,11.61,11.71,11.91,12.27,12.40,12.61,12.47,12.05,12.62,12.75,12.43
Sri Lanka,0.04,0.04,0.04,0.04,0.04,0.07,0.07,0.08,0.08,0.07,0.07,0.07,0.07,0.08,0.08,0.08,0.09,0.09,0.09,0.10,0.09,0.10,0.10,0.10,0.10,0.11,0.11,0.12,0.13,0.14,0.15,0.15,0.16,0.17,0.18,0.19,0.19,0.19,0.20,0.19,0.22,0.24,0.24,0.23,0.23,0.25,0.27,0.28,0.29,0.31,0.33,0.36,0.38,0.40,0.41,0.38,0.39,0.35,0.36
Taiwan,0.25,0.27,0.30,0.34,0.36,0.39,0.49,0.52,0.61,0.58,0.64,0.78,0.86,1.01,1.07,1.13,1.06,1.18,1.31,1.37,1.43,1.56,1.69,1.86,1.97,2.10,2.22,2.36,2.50,2.65,2.82,2.93,3.10,3.29,3.44,3.68,3.79,3.95,4.12,4.30,4.35,4.47,4.65,4.48,4.35,4.66,4.64,4.61,4.70,4.80,4.80,4.82,4.83,4.88,4.79,4.65,4.94,4.75,4.53
Thailand,0.11,0.13,0.15,0.19,0.20,0.24,0.27,0.33,0.35,0.36,0.40,0.42,0.46,0.49,0.52,0.52,0.53,0.54,0.59,0.66,0.69,0.73,0.83,0.94,1.08,1.27,1.41,1.54,1.75,1.96,2.21,2.51,2.64,2.43,2.58,2.67,2.82,3.05,3.28,3.56,3.68,3.75,3.88,3.88,3.99,4.25,4.36,4.65,4.73,4.89,4.96,5.06,5.16,5.32,5.33,4.95,4.99,5.00,5.01
Vietnam,0.11,0.19,0.26,0.26,0.31,0.33,0.29,0.28,0.30,0.22,0.25,0.14,0.15,0.16,0.17,0.19,0.20,0.21,0.22,0.22,0.22,0.24,0.27,0.27,0.26,0.28,0.28,0.31,0.35,0.39,0.46,0.52,0.60,0.65,0.68,0.77,0.87,0.95,1.03,1.25,1.33,1.22,1.33,1.65,1.68,1.94,2.15,2.25,2.37,2.62,2.98,3.24,3.47,3.90,4.33,4.34,4.35,4.48,4.89
Other Asia Pacific,0.72,0.76,0.83,0.89,0.94,1.00,1.09,1.16,1.19,1.27,1.28,1.36,1.43,1.50,1.62,1.72,1.77,1.85,1.91,1.98,2.07,2.11,2.05,2.08,2.03,1.99,1.92,1.75,1.67,1.60,1.59,1.48,1.47,1.41,1.49,1.60,1.66,1.62,1.70,1.75,1.84,1.91,1.87,1.94,1.95,2.13,2.09,2.16,2.14,2.29,2.37,2.52,3.15,3.28,3.45,3.55,3.54,3.70,3.83
Total Asia Pacific,18.91,20.73,21.55,23.13,26.52,30.36,33.01,35.30,37.94,38.55,40.49,42.53,44.75,47.48,49.34,49.50,49.83,50.45,52.94,55.94,58.93,61.31,65.13,69.74,73.41,76.12,79.83,83.49,87.97,92.70,97.11,101.71,104.86,104.74,108.59,112.96,116.65,122.21,132.40,145.49,157.10,166.26,176.56,181.55,185.66,197.44,207.37,214.03,219.80,225.42,229.36,231.54,241.10,251.16,259.38,258.34,272.15,278.81,291.77
,,,,,,,,,,,,,,,,,,,,,,,,,,,,,,,,,,,,,,,,,,,,,,,,,,,,,,,,,,,
Total World,156.10,164.64,170.68,180.89,193.32,205.80,213.98,225.72,238.79,240.09,241.75,254.68,263.89,274.22,283.33,280.81,279.58,278.20,282.97,295.67,303.60,310.35,321.57,333.55,340.01,343.96,346.71,348.75,351.56,356.03,363.81,374.29,378.08,380.27,386.74,397.33,401.20,409.71,424.12,445.42,460.35,473.36,487.88,493.67,485.83,509.25,520.95,528.28,537.48,543.21,547.33,552.99,566.11,581.47,588.05,567.60,596.62,607.35,619.63
of which: OECD,110.23,115.84,120.28,128.10,136.79,144.71,148.42,156.22,164.97,162.69,159.87,168.38,172.09,177.10,181.59,176.73,172.84,167.89,168.69,175.68,180.19,182.44,188.02,194.25,197.74,198.55,200.57,202.52,205.48,209.01,214.26,221.46,223.71,224.47,227.76,232.41,230.65,232.71,234.73,239.26,241.07,241.44,243.05,240.43,228.71,237.06,234.60,232.50,234.81,232.88,233.43,234.62,237.13,240.65,238.53,221.91,232.56,233.55,229.90
                 Non-OECD,45.87,48.80,50.40,52.79,56.54,61.09,65.56,69.50,73.82,77.40,81.88,86.30,91.79,97.12,101.74,104.09,106.74,110.31,114.28,119.99,123.41,127.91,133.55,139.31,142.27,145.41,146.14,146.23,146.08,147.02,149.54,152.84,154.37,155.80,158.98,164.91,170.55,177.01,189.39,206.17,219.28,231.92,244.83,253.24,257.11,272.18,286.35,295.78,302.66,310.32,313.89,318.36,328.98,340.81,349.52,345.69,364.07,373.80,389.73
                 European Union #,34.03,35.19,36.41,38.98,42.20,45.28,46.70,49.20,52.01,51.50,51.25,54.43,55.30,57.50,59.58,58.63,56.90,55.57,55.80,57.51,60.46,61.32,62.63,63.15,63.32,62.79,62.68,61.55,61.07,60.88,62.44,64.39,64.04,64.63,64.36,64.89,66.09,65.70,66.89,67.85,67.89,68.32,67.51,67.25,63.22,65.82,63.88,63.19,62.74,60.54,61.38,62.01,62.98,62.79,61.76,57.11,60.21,57.85,56.38